base_name,step1_file,step3_file,bleu_score,edit_distance,step1_syntax_errors,step1_expression_errors,step3_syntax_errors,step3_expression_errors,yaml_improved,actionlint_improved
12607c88ad84fd954e303351f1c29298f9515d50a162882d807d41f663da9a8c,12607c88ad84fd954e303351f1c29298f9515d50a162882d807d41f663da9a8c,0eab06247453040d846209bfb4f5242e1fa610829a16bf373fdd92df4c97039b,0.9813,1,1,0,0,0,False,True
e31683ca78a432407085dc9f45bbdf49b663b7ac4befda4f4758bc50ab0ceef2,e31683ca78a432407085dc9f45bbdf49b663b7ac4befda4f4758bc50ab0ceef2,9942f8beff5c51cb17e6545d67f3d4dad42fb8058a9747b05c5cd118386b8519,0.9799,2,1,0,0,0,False,True
6d852ea88b27cc10254f423c1f014b5841e7b15845b7197b69f631e69c0fa6b1,6d852ea88b27cc10254f423c1f014b5841e7b15845b7197b69f631e69c0fa6b1,fd65cfadb7ae8f7e500e2ba50500a01f5ea74e074835fff61c4dc86dad6cc1c8,0.9776,9,1,0,0,0,True,True
144219ae5871007f568ea79dff27e67c705fb08e6fc115c9cdabc114a04d9ee6,144219ae5871007f568ea79dff27e67c705fb08e6fc115c9cdabc114a04d9ee6,73709dd2248fc35aaa1487537ae05e2058ffb297b4574869867e080f0da3931b,0.9733,2,1,0,0,0,True,True
f6b366f61f105b2434b762f349336b8c2d15695f72cfc34636fe14f6feb7cc71,f6b366f61f105b2434b762f349336b8c2d15695f72cfc34636fe14f6feb7cc71,1e32ba2beede9e2685a04a3546bfa53bb237fc243a25298f67849e7792ebc251,0.9679,16,3,0,0,0,False,True
fbfc9e8945dd2dba9f0c4edfda567e116c610a54ae4a39ed9bf1fd44dbb01c02,fbfc9e8945dd2dba9f0c4edfda567e116c610a54ae4a39ed9bf1fd44dbb01c02,8cd882a8a7a5e73d50f72d22fc4890266ff2bc4043c77309f9700051c828e938,0.9595,2,1,0,0,0,False,True
8eb749771ffc0bcfc0e7247670dd78e626c1fd0312f96378846def2327cdabf0,8eb749771ffc0bcfc0e7247670dd78e626c1fd0312f96378846def2327cdabf0,0ff81edd433f01953ca4a97fae17312b8a51270e09ed823a3b2be79fb573076b,0.9534,1,1,0,0,0,False,True
55c87a3ab6dd1fb82c5c96d93cf0e81201ec3c8cc53b87a8b45cad58272409dc,55c87a3ab6dd1fb82c5c96d93cf0e81201ec3c8cc53b87a8b45cad58272409dc,c255c1e29f858e54278b3956630f4180ad70cf5deda75eed125c606f474e74a5,0.9492,4,2,0,0,0,False,True
483d349a1f8b71e2386cb1b43b105757ddaf51c739c01f55d56cf8a040c9f533,483d349a1f8b71e2386cb1b43b105757ddaf51c739c01f55d56cf8a040c9f533,6ea00f718fe11f7d9d0cda1a2dc13e3631b9022ee12454f21611bb5686377a25,0.9461,2,1,0,0,0,False,True
98cc10ab1759348b1bfee5d3e892ad08243b1d2d31e6e2880387780c0ffe02ba,98cc10ab1759348b1bfee5d3e892ad08243b1d2d31e6e2880387780c0ffe02ba,1ad0045945f9e99fae3a0a8fe4fbb7588f0414fbbe432080910ab9d07f68be7b,0.9293,4,1,0,0,0,True,True
431246d62ee845a4f67da227e525d6b86d7657f8c4f62edf2bd8ebebec748c53,431246d62ee845a4f67da227e525d6b86d7657f8c4f62edf2bd8ebebec748c53,2441308ba96fdf45be7ab088fefedb99ac1480772e340108d3c00d7dbc09539b,0.9293,5,1,0,0,0,True,True
863201e059ff239884fdbd95aed968d04688efc43c602dc758298ae80ce0d4c6,863201e059ff239884fdbd95aed968d04688efc43c602dc758298ae80ce0d4c6,b13d13257a60b82b50461ebcbd9f1ecb443930e76556e9205821f87e9bdacd03,0.9245,5,1,0,0,0,False,True
9f5d4acdf95f8b8cb9d38495e12167f8cc1f1b52c584462c6a5bbdd9336095d2,9f5d4acdf95f8b8cb9d38495e12167f8cc1f1b52c584462c6a5bbdd9336095d2,f383dfdc08cd08bab5450cd029928483c69e4a5f949842e1dabc0a4fe8806e1b,0.9159,7,1,0,0,0,True,True
16d51e3faadfb28b3dc6ae7ca6db87626d5bedceabfb0177b85299987ef2595f,16d51e3faadfb28b3dc6ae7ca6db87626d5bedceabfb0177b85299987ef2595f,d9f49d7f3f5b0af478d9b3a53b21bcfaf3a1c028d8b91226096f0114307e8003,0.9138,3,1,0,0,0,True,True
a213a851c82357b79f2c11fc331f2fc07aa5f4282936241cd807747480e0ce83,a213a851c82357b79f2c11fc331f2fc07aa5f4282936241cd807747480e0ce83,8f53a8f608c50e808c8ebee5a18d02ca495e8eb717e7425fa95273fa65603ca4,0.9129,6,1,0,0,0,False,True
5984db13ef855cc2f550b4a88d68874e4e29804836cbfeab12f91dad4df7c537,5984db13ef855cc2f550b4a88d68874e4e29804836cbfeab12f91dad4df7c537,8e65f1f49fe0e5bace800efa37a49956c993dae1cb01a39c5b53dc5d752eba9f,0.9129,6,1,0,0,0,False,True
4286c22d6c0e6037fb216413dd768ce624ed9c150f71600341e6e9fe242d0df2,4286c22d6c0e6037fb216413dd768ce624ed9c150f71600341e6e9fe242d0df2,32e57c131402bd7988016f0c16406eb6bc09f90517ad370d4a95373683b5288a,0.8988,4,1,0,0,0,True,True
18a6e326f1d5d0cd0197f594d6f65a9383f248fa5db1697e68c1f5f52ad6b8fd,18a6e326f1d5d0cd0197f594d6f65a9383f248fa5db1697e68c1f5f52ad6b8fd,3722c4c969c2e5e39e07eca786c7220340f051e03556334d41d724e682c026e5,0.8911,2,0,0,0,0,False,False
7523894109a5fbe39786bb136b11a41434a692595e124c1db0cb23b5a99342ab,7523894109a5fbe39786bb136b11a41434a692595e124c1db0cb23b5a99342ab,dcfb0ad43a8c5346fb9549b9bdcd6f314802e8389c03c21f8a2ca2f371343604,0.8904,3,1,0,0,0,False,True
cc7046412ef19a0d802ba43a60879aed8d88aeba5c3a911d87d5a8ced07e129a,cc7046412ef19a0d802ba43a60879aed8d88aeba5c3a911d87d5a8ced07e129a,42d1a25c2de1030da60bf47615acfb3aa5071097cc64c93e93c5a4a3cb810b95,0.8847,2,2,0,0,0,False,True
19258ed075aa8e803221bd5865d57c00efe95f8bef222797a0eebdfff6c2ec32,19258ed075aa8e803221bd5865d57c00efe95f8bef222797a0eebdfff6c2ec32,8e89310ac5e0107947597226afbb4b6a6a1d518dc675434004a7e041f943e414,0.8829,7,1,0,0,0,True,True
5a1bd047e6210fe70330e93d5dbff0061c93945cfeead51eafbb06daf7680005,5a1bd047e6210fe70330e93d5dbff0061c93945cfeead51eafbb06daf7680005,bf978f96392afa5c7882bf7fdaef4ee8b6210caa45476c87c27058e3dcb45822,0.8813,4,1,0,0,0,True,True
3018e452634b949a4a7e349ffbe67aac4156a153c6982307dfed643b1d896280,3018e452634b949a4a7e349ffbe67aac4156a153c6982307dfed643b1d896280,ca7b8bd1cd747166d525cde17a1486deacdcfe50f95d8cbe7f9a7f05aa9e8ac4,0.8741,2,1,0,0,0,False,True
fd1dd07efaf279ee634367633d0da11baac3c3408a70268c8ee18644e002e32c,fd1dd07efaf279ee634367633d0da11baac3c3408a70268c8ee18644e002e32c,afe766ad2d2f8023f607768dbb73b4b9dbb0193e7feeca92ea51eef2283f21e1,0.8736,5,1,0,0,0,True,True
adf7786607f77482c4c3bb4ec43b65881ade2f1c84ace76014bbdac817989e3f,adf7786607f77482c4c3bb4ec43b65881ade2f1c84ace76014bbdac817989e3f,b16c81e5eb65b80d7eb08ddc975f6b236149fc4e2d720763fbaf5a9bdc95579b,0.8700,7,1,0,0,0,True,True
de5c9a99884da52406af55e0861592d998847fa6ac6228192e28727ad65ccbb7,de5c9a99884da52406af55e0861592d998847fa6ac6228192e28727ad65ccbb7,fb09d30b43e8d6b2d5485c31f9380b22ca47bc919540729ca86bcdfc79b711b8,0.8696,4,1,0,0,0,False,True
1978a286bcb0660b06b96ad9106b2270f385ab01713670f8a7eff53f9b88217c,1978a286bcb0660b06b96ad9106b2270f385ab01713670f8a7eff53f9b88217c,ebfa6fe5628f9407657b52dbc07fa51982edb1c9742e355178ce97f4614657c2,0.8657,10,0,0,0,0,True,False
df6d6d4ef1c9d00e6d4249ee2087a4557006763ffcaa057b724c09a473c62421,df6d6d4ef1c9d00e6d4249ee2087a4557006763ffcaa057b724c09a473c62421,633b839ad45690cec2d69ad1aa34434e26d79f86cc35b1d2fb1580486b8f8aca,0.8641,11,0,0,0,0,False,False
4d8c94215d66296f388f8f5d7f764ce172d69893f1070956b50ac067e58ab210,4d8c94215d66296f388f8f5d7f764ce172d69893f1070956b50ac067e58ab210,7a8bc9e05bee8a7e2dab63139e82fe94a7df66dec2906bc1b1c0837ebe478309,0.8624,2,1,0,0,0,True,True
781853becc80748ede29a80e9c260f904cf49762f5de623b68877daf86f8dd53,781853becc80748ede29a80e9c260f904cf49762f5de623b68877daf86f8dd53,0edf11e3331f56da2c3aef7a54fc33e15c3ab07762435892bcdb2cc965217241,0.8613,3,0,0,0,0,False,False
cd5037f8e53c575214a162a5bd263b4a0c3eb3e40a6339f07b27d0ec79130d6f,cd5037f8e53c575214a162a5bd263b4a0c3eb3e40a6339f07b27d0ec79130d6f,b2a9f80d074ce40eba4777820a62bbec99046fdc2acddb8a405a25eaf256b1f6,0.8579,4,1,0,0,0,False,True
5f208d2ed2a03e89b19fc427282bab5143ca6a099ea362e174d3a35d61d428ae,5f208d2ed2a03e89b19fc427282bab5143ca6a099ea362e174d3a35d61d428ae,79e4bd0328a41946c95362e4e05e6473792b59ea69b46ed216a35eeb0d2a3d80,0.8567,4,3,0,0,0,False,True
cf76e65c9f66e5d4a0df66a8edef7cf9a46720dde2c80c6c1d664b8b9aa753b1,cf76e65c9f66e5d4a0df66a8edef7cf9a46720dde2c80c6c1d664b8b9aa753b1,5080917c3d0812b082999a8897894f77afdc6a599461d650a9abe02a8d1a2ff2,0.8542,14,2,0,0,0,False,True
